Day,House 1 (liters),Time to Fill House 1,House 2 (liters),Time to Fill House 2,House 3 (liters),Time to Fill House 3,Total water supplied (liters)
Monday,1045.9350998231926,0.010459350998231927,920.0359598151535,0.009200359598151535,1034.0289403616543,0.010340289403616542,3000.0000000000005
Tuesday,1054.7217193068286,0.010547217193068286,919.7038669351587,0.009197038669351587,1025.5744137580127,0.010255744137580127,3000.0
Wednesday,1063.5083387904651,0.010635083387904651,919.371774055164,0.00919371774055164,1017.119887154371,0.01017119887154371,3000.0
Thursday,1072.2949582741016,0.010722949582741018,919.0396811751691,0.00919039681175169,1008.6653605507294,0.010086653605507295,3000.0
Friday,1081.0815777577382,0.01081081577757738,918.7075882951744,0.009187075882951744,1000.2108339470877,0.010002108339470876,3000.0000000000005
Saturday,1089.8681972413742,0.010898681972413742,918.3754954151796,0.009183754954151796,991.756307343446,0.00991756307343446,3000.0
Sunday,1098.6548167250107,0.010986548167250108,918.0434025351849,0.009180434025351849,983.3017807398044,0.009833017807398044,3000.0
