{
    "Day": "Thursday",
    "Time": "2024-09-19 , 13:30",
    "House 1": 1072.2949582741016,
    "House 2": 919.0396811751691,
    "House 3": 1008.6653605507294,
    "Time_2_fill_house1": 0.010722949582741018,
    "Time_2_fill_house2": 0.00919039681175169,
    "Time_2_fill_house3": 0.010086653605507295
}