{
    "Day": "Friday",
    "Time": "2024-09-20 , 11:36",
    "House 1": 1081.0815777577382,
    "House 2": 918.7075882951744,
    "House 3": 1000.2108339470877,
    "Time_2_fill_house1": 0.01081081577757738,
    "Time_2_fill_house2": 0.009187075882951744,
    "Time_2_fill_house3": 0.010002108339470876
}